job_title,company_name,city,salary_raw,salary_min,salary_max,salary_avg,post_date,job_url,skills,ai_level,product_type,tools,enhance_source
AI数据工程师,鑫立德（湖北）机电设备工程,武汉·东湖新技术产业开发区,8千-1.3万,8.0,13.0,10.5,2026-03-22 15:13:17,https://jobs.51job.com/wuhan-dhxjs/171191469.html?s=sou_sou_soulb&t=0_0&req=a7231839a3e557211c7ef07566d96152,,Low,Platform,,http_stub
AI应用专员,江苏高捷节能装备集团,南京·高淳区,6-8千,6.0,8.0,7.0,2026-03-19 10:56:56,https://jobs.51job.com/nanjing-gcq/171141530.html?s=sou_sou_soulb&t=0_0&req=a7231839a3e557211c7ef07566d96152,,,,,not_sampled
AI产品经理,武汉才聚星河人才发展,合肥,19-30万/年,15.83,25.0,20.42,2026-03-21 20:02:04,https://jobs.51job.com/hefei/171190033.html?s=sou_sou_soulb&t=0_0&req=a7231839a3e557211c7ef07566d96152,,,,,not_sampled
打AI员,深圳市振欢电子,深圳·宝安区,5.5-6千,5.5,6.0,5.75,2026-03-21 16:58:24,https://jobs.51job.com/shenzhen-baq/171189091.html?s=sou_sou_soulb&t=0_0&req=a7231839a3e557211c7ef07566d96152,,,,,not_sampled
AI产品销售,上海研摹科技,上海·杨浦区,1-2万,10.0,20.0,15.0,2026-03-21 19:03:07,https://jobs.51job.com/shanghai-ypq/171189938.html?s=sou_sou_soulb&t=0_0&req=a7231839a3e557211c7ef07566d96152,,,,,not_sampled
AI Agent产品运营实习生,美团,北京,4-5千,4.0,5.0,4.5,2026-03-22 09:24:18,https://jobs.51job.com/beijing/170963850.html?s=sou_sou_soulb&t=0_0&req=a7231839a3e557211c7ef07566d96152,,Low,Platform,,http_stub
AI项目兼职合伙人,泉州驰格信息咨询,泉州·鲤城区,2-4千,2.0,4.0,3.0,2026-03-20 17:10:10,https://jobs.51job.com/quanzhou-lcq/171176880.html?s=sou_sou_soulb&t=0_0&req=a7231839a3e557211c7ef07566d96152,,,,,not_sampled
社招职位-人工智能产品经理,商飞智能技术,上海·浦东新区,25-50万/年,20.83,41.67,31.25,2026-03-21 04:55:26,https://jobs.51job.com/shanghai-pdxq/153059436.html?s=sou_sou_soulb&t=0_0&req=a7231839a3e557211c7ef07566d96152,,,,,not_sampled
AI应用产品经理,上海易行时代新能源科技,上海·闵行区,1.5-3万,15.0,30.0,22.5,2026-03-20 16:10:51,https://jobs.51job.com/shanghai-mhq/171177986.html?s=sou_sou_soulb&t=0_0&req=a7231839a3e557211c7ef07566d96152,,,,,not_sampled
AI方向后端开发工程师（实习）,美团,上海,6-8千,6.0,8.0,7.0,2026-03-22 09:23:55,https://jobs.51job.com/shanghai/171037178.html?s=sou_sou_soulb&t=0_0&req=a7231839a3e557211c7ef07566d96152,,Low,Platform,,http_stub
AI训练师（双休）,深圳市鹏易微科技,深圳,8千-1万,8.0,10.0,9.0,2026-03-20 17:15:01,https://jobs.51job.com/shenzhen/171180698.html?s=sou_sou_soulb&t=0_0&req=a7231839a3e557211c7ef07566d96152,,,,,not_sampled
ai测试工程师助理,深圳市之余乐众信息科技,深圳·宝安区,4-7千·13薪,4.0,7.0,5.5,2026-03-20 16:05:50,https://jobs.51job.com/shenzhen-baq/171083124.html?s=sou_sou_soulb&t=0_0&req=a7231839a3e557211c7ef07566d96152,,,,,not_sampled
AI应用助理 /专员（AI方向）,苏州瑞高新材料,太仓,8千-1.3万,8.0,13.0,10.5,2026-03-20 16:25:37,https://jobs.51job.com/taicang/171178532.html?s=sou_sou_soulb&t=0_0&req=a7231839a3e557211c7ef07566d96152,,,,,not_sampled
美团平台数据产品实习生,美团,北京,3-5千,3.0,5.0,4.0,2026-03-22 09:23:53,https://jobs.51job.com/beijing/170928037.html?s=sou_sou_soulb&t=0_0&req=a7231839a3e557211c7ef07566d96152,,Low,Platform,,http_stub
人工智能工程师助理,深圳金昱轩科技,深圳·龙岗区,4.6-7千,4.6,7.0,5.8,2026-03-20 16:39:03,https://jobs.51job.com/shenzhen-lgq/171179083.html?s=sou_sou_soulb&t=0_0&req=a7231839a3e557211c7ef07566d96152,,,,,not_sampled
AI运营专员,湖北华展医疗设备,武汉·东湖新技术产业开发区,5千-1万·13薪,5.0,10.0,7.5,2026-03-20 16:57:28,https://jobs.51job.com/wuhan-dhxjs/171179817.html?s=sou_sou_soulb&t=0_0&req=a7231839a3e557211c7ef07566d96152,,,,,not_sampled
AI软件销售 双休 五险一金 移动办公,智慧引擎人才科技（江苏）,广州,1-2万,10.0,20.0,15.0,2026-03-20 18:42:41,https://jobs.51job.com/guangzhou/171183085.html?s=sou_sou_soulb&t=0_0&req=a7231839a3e557211c7ef07566d96152,,,,,not_sampled
AI教育售前解决方案工程师,广东云顺通科技信息,佛山·南海区,1.5-2.5万,15.0,25.0,20.0,2026-03-20 11:09:32,https://jobs.51job.com/foshan-nhq/171167715.html?s=sou_sou_soulb&t=0_0&req=a7231839a3e557211c7ef07566d96152,,,,,not_sampled
计算机测试助理,深圳金昱轩科技,深圳·龙岗区,5.5-6.5千,5.5,6.5,6.0,2026-03-20 17:31:21,https://jobs.51job.com/shenzhen-lgq/171179135.html?s=sou_sou_soulb&t=0_0&req=a7231839a3e557211c7ef07566d96152,,,,,not_sampled
VLM数据工程师（音视频live）,深圳市法本信息技术,杭州·余杭区,1-1.3万,10.0,13.0,11.5,2026-03-18 16:44:53,https://jobs.51job.com/hangzhou-yhq/171130019.html?s=sou_sou_soulb&t=0_0&req=a7231839a3e557211c7ef07566d96152,,,,,not_sampled
AI软件销售 双休 五险一金 移动办公,智慧引擎人才科技（江苏）,,1-2万,10.0,20.0,15.0,2026-03-20 18:43:37,https://jobs.51job.com/all/171183092.html?s=sou_sou_soulb&t=0_0&req=a7231839a3e557211c7ef07566d96152,,,,,not_sampled
人工智能训练/测试(DeepSeek),深圳市瀚睿荣科技,深圳·龙华区,4-6千,4.0,6.0,5.0,2026-03-20 16:04:12,https://jobs.51job.com/shenzhen-lhq/171176662.html?s=sou_sou_soulb&t=0_0&req=a7231839a3e557211c7ef07566d96152,,,,,not_sampled
计算机应届生（游戏方向）,深圳市之余乐众信息科技,深圳·宝安区,4-6千·13薪,4.0,6.0,5.0,2026-03-20 16:05:50,https://jobs.51job.com/shenzhen-baq/171129350.html?s=sou_sou_soulb&t=0_0&req=a7231839a3e557211c7ef07566d96152,,,,,not_sampled
AI应用与流程优化,上海虹迪物流科技,上海·闵行区,1.5-2万,15.0,20.0,17.5,2026-03-20 13:50:55,https://jobs.51job.com/shanghai-mhq/170695527.html?s=sou_sou_soulb&t=0_0&req=a7231839a3e557211c7ef07566d96152,,,,,not_sampled
AI软件销售 双休 五险一金 移动办公,智慧引擎人才科技（江苏）,深圳,1-2万,10.0,20.0,15.0,2026-03-20 18:45:11,https://jobs.51job.com/shenzhen/171183113.html?s=sou_sou_soulb&t=0_0&req=a7231839a3e557211c7ef07566d96152,,,,,not_sampled
AI工程师,浙江一景乳业,绍兴,8千-1万,8.0,10.0,9.0,2026-03-20 04:11:17,https://jobs.51job.com/shaoxing/168117422.html?s=sou_sou_soulb&t=0_0&req=a7231839a3e557211c7ef07566d96152,,,,,not_sampled
灵活用工平台产品经理,中南教育科技（深圳）,深圳·龙岗区,1.5-2万,15.0,20.0,17.5,2026-03-19 16:09:08,https://jobs.51job.com/shenzhen-lgq/171153643.html?s=sou_sou_soulb&t=0_0&req=a7231839a3e557211c7ef07566d96152,,,,,not_sampled
模型训练专员,贵州聚汇达科技,贵阳·云岩区,5-8千,5.0,8.0,6.5,2026-03-20 08:45:46,https://jobs.51job.com/guiyang-yyq/171162558.html?s=sou_sou_soulb&t=0_0&req=a7231839a3e557211c7ef07566d96152,,,,,not_sampled
AI软件销售 双休 五险一金 移动办公,智慧引擎人才科技（江苏）,武汉,1-2万,10.0,20.0,15.0,2026-03-20 18:46:06,https://jobs.51job.com/wuhan/171183129.html?s=sou_sou_soulb&t=0_0&req=a7231839a3e557211c7ef07566d96152,,,,,not_sampled
AI应用助理,深圳市蔚佳莱科技,深圳·南山区,4.5-7千,4.5,7.0,5.75,2026-03-20 11:13:23,https://jobs.51job.com/shenzhen-nsq/171168166.html?s=sou_sou_soulb&t=0_0&req=a7231839a3e557211c7ef07566d96152,,,,,not_sampled
IT实习生(J10603),上海信谊联合医药药材,上海·静安区,120元/天,,,,2026-03-19 17:29:41,https://jobs.51job.com/shanghai-jaq/171157342.html?s=sou_sou_soulb&t=0_0&req=a7231839a3e557211c7ef07566d96152,,,,,not_sampled
深度学习算法专员,贵州聚汇达科技,贵阳·云岩区,5-8千,5.0,8.0,6.5,2026-03-20 11:09:55,https://jobs.51job.com/guiyang-yyq/171168030.html?s=sou_sou_soulb&t=0_0&req=a7231839a3e557211c7ef07566d96152,,,,,not_sampled
AIGC,东风汽车集团,武汉·武汉经济开发区,1.5-3万,15.0,30.0,22.5,2026-03-19 17:24:05,https://jobs.51job.com/wuhan-whjj/169281621.html?s=sou_sou_soulb&t=0_0&req=a7231839a3e557211c7ef07566d96152,,,,,not_sampled
AI产品经理,苏州千万职联科技,武汉·黄陂区,1.5-2万,15.0,20.0,17.5,2026-03-20 15:14:24,https://jobs.51job.com/wuhan-hpq/171175501.html?s=sou_sou_soulb&t=0_0&req=a7231839a3e557211c7ef07566d96152,,,,,not_sampled
AI产品经理（可培养发展）,大未来（南京）文化科技,大连,7-9千,7.0,9.0,8.0,2026-03-19 19:14:59,https://jobs.51job.com/dalian/170594137.html?s=sou_sou_soulb&t=0_0&req=a7231839a3e557211c7ef07566d96152,,,,,not_sampled
ai模型训练专员,贵州聚汇达科技,贵阳·云岩区,5-8千,5.0,8.0,6.5,2026-03-20 11:18:22,https://jobs.51job.com/guiyang-yyq/171167655.html?s=sou_sou_soulb&t=0_0&req=a7231839a3e557211c7ef07566d96152,,,,,not_sampled
3D建模设计,湖南州旭塑胶,怀化,3.5-7千,3.5,7.0,5.25,2026-03-20 11:37:49,https://jobs.51job.com/huaihua/171168169.html?s=sou_sou_soulb&t=0_0&req=a7231839a3e557211c7ef07566d96152,,,,,not_sampled
工业设计实习生,江苏特普达服务外包,常州,4-5千,4.0,5.0,4.5,2026-03-20 14:32:20,https://jobs.51job.com/changzhou/171173515.html?s=sou_sou_soulb&t=0_0&req=a7231839a3e557211c7ef07566d96152,,,,,not_sampled
AI产品经理,武汉市胜意科技发展,武汉·江夏区,1.2-2万,12.0,20.0,16.0,2026-03-20 11:31:42,https://jobs.51job.com/wuhan-jxq/171168836.html?s=sou_sou_soulb&t=0_0&req=a7231839a3e557211c7ef07566d96152,,,,,not_sampled
PPT设计师-线上兼职-按单日结,湖北省星致远电子商务,,200元/天,,,,2026-03-20 13:00:38,https://jobs.51job.com/all/171170687.html?s=sou_sou_soulb&t=0_0&req=a7231839a3e557211c7ef07566d96152,,,,,not_sampled
AI产品经理,北京中科致远科技,北京·海淀区,1.2-2.4万·14薪,12.0,24.0,18.0,2026-03-19 17:08:22,https://jobs.51job.com/beijing-hdq/160340981.html?s=sou_sou_soulb&t=0_0&req=a7231839a3e557211c7ef07566d96152,,,,,not_sampled
AI智能体开发工程师(J10305),普联软件,济南·高新区,1-2万,10.0,20.0,15.0,2026-03-19 20:02:59,https://jobs.51job.com/jinan-gxq/171160743.html?s=sou_sou_soulb&t=0_0&req=a7231839a3e557211c7ef07566d96152,,,,,not_sampled
AI应用开发工程师,广东华智科技,广州·黄埔区,1.5-3万,15.0,30.0,22.5,2026-03-19 10:37:58,https://jobs.51job.com/guangzhou-hpq/170877695.html?s=sou_sou_soulb&t=0_0&req=a7231839a3e557211c7ef07566d96152,,,,,not_sampled
PPT设计师-线上兼职-按单日结,湖北省星致远电子商务,,200元/天,,,,2026-03-20 13:18:50,https://jobs.51job.com/all/171171255.html?s=sou_sou_soulb&t=0_0&req=a7231839a3e557211c7ef07566d96152,,,,,not_sampled
AI产品实习生-Data AML,字节跳动,深圳,5-7千,5.0,7.0,6.0,2026-03-22 01:58:57,https://jobs.51job.com/shenzhen/171154365.html?s=sou_sou_soulb&t=0_0&req=a7231839a3e557211c7ef07566d96152,,,,,not_sampled
AI应用工程师,广州优倍国际物流,广州·天河区,8千-1.2万,8.0,12.0,10.0,2026-03-20 09:41:07,https://jobs.51job.com/guangzhou-thq/171132767.html?s=sou_sou_soulb&t=0_0&req=a7231839a3e557211c7ef07566d96152,,,,,not_sampled
AI产品经理,深圳钛丰电子商务,深圳·光明区,1-1.2万,10.0,12.0,11.0,2026-03-19 10:58:45,https://jobs.51job.com/shenzhen-gmq/171141625.html?s=sou_sou_soulb&t=0_0&req=a7231839a3e557211c7ef07566d96152,,,,,not_sampled
PPT设计师-线上兼职-按单日结,湖北省星致远电子商务,,200元/天,,,,2026-03-20 13:16:00,https://jobs.51job.com/all/171171189.html?s=sou_sou_soulb&t=0_0&req=a7231839a3e557211c7ef07566d96152,,,,,not_sampled
AI新工业算力工程师,上海生大医保,上海·嘉定区,1.5-1.7万,15.0,17.0,16.0,2026-03-19 09:39:35,https://jobs.51job.com/shanghai-jdq/171138013.html?s=sou_sou_soulb&t=0_0&req=a7231839a3e557211c7ef07566d96152,,,,,not_sampled
AI 人工智能应用工程师,古近纪（上海）国际贸易,上海·普陀区,1-2万,10.0,20.0,15.0,2026-03-18 21:06:12,https://jobs.51job.com/shanghai-ptq/171135223.html?s=sou_sou_soulb&t=0_0&req=a7231839a3e557211c7ef07566d96152,,,,,not_sampled
AI产品专员,深圳钛丰电子商务,深圳·光明区,8千-1万,8.0,10.0,9.0,2026-03-19 09:52:58,https://jobs.51job.com/shenzhen-gmq/171138589.html?s=sou_sou_soulb&t=0_0&req=49369a213551b0cef0d0d9a925aa953d,,,,,not_sampled
计算机应届生,深圳金昱轩科技,深圳·龙岗区,5.5-6.5千,5.5,6.5,6.0,2026-03-19 15:56:20,https://jobs.51job.com/shenzhen-lgq/171148200.html?s=sou_sou_soulb&t=0_0&req=49369a213551b0cef0d0d9a925aa953d,,,,,not_sampled
AI产品经理,燧浦（上海）智能科技,苏州,1.2-1.6万,12.0,16.0,14.0,2026-03-19 21:57:17,https://jobs.51job.com/suzhou/171161632.html?s=sou_sou_soulb&t=0_0&req=49369a213551b0cef0d0d9a925aa953d,,,,,not_sampled
deepseek人工智能,深圳华优尔立信息科技,深圳·龙岗区,4-6千,4.0,6.0,5.0,2026-03-20 10:18:30,https://jobs.51job.com/shenzhen-lgq/171165664.html?s=sou_sou_soulb&t=0_0&req=49369a213551b0cef0d0d9a925aa953d,,,,,not_sampled
AI大模型VLM数据标注（重庆）,上海华泛信息服务有限公司武汉,重庆·两江新区,4-5千,4.0,5.0,4.5,2026-03-19 15:35:59,https://jobs.51job.com/chongqing-ljxq/171151866.html?s=sou_sou_soulb&t=0_0&req=49369a213551b0cef0d0d9a925aa953d,,,,,not_sampled
AI产品助理,燧浦（上海）智能科技,苏州,8-9千,8.0,9.0,8.5,2026-03-19 21:50:39,https://jobs.51job.com/suzhou/171161608.html?s=sou_sou_soulb&t=0_0&req=49369a213551b0cef0d0d9a925aa953d,,,,,not_sampled
AI数据标注师/训练师,四川川贝科技,成都·武侯区,4-6千,4.0,6.0,5.0,2026-03-19 11:12:56,https://jobs.51job.com/chengdu-whq/171142440.html?s=sou_sou_soulb&t=0_0&req=49369a213551b0cef0d0d9a925aa953d,,,,,not_sampled
AI应用师,宁波途锐达休闲用品,宁波·鄞州区,8千-1.5万,8.0,15.0,11.5,2026-03-19 13:28:44,https://jobs.51job.com/ningbo-yzq/171146233.html?s=sou_sou_soulb&t=0_0&req=49369a213551b0cef0d0d9a925aa953d,,,,,not_sampled
市场运营专员 AI应用推广,江苏奥立信数字科技,无锡·新吴区,8千-1.3万,8.0,13.0,10.5,2026-03-19 10:38:42,https://jobs.51job.com/wuxi-xwq/171140725.html?s=sou_sou_soulb&t=0_0&req=49369a213551b0cef0d0d9a925aa953d,,,,,not_sampled
游戏项目管理,深圳市法本信息技术,深圳·南山区,8千-1.1万,8.0,11.0,9.5,2026-03-18 18:03:34,https://jobs.51job.com/shenzhen-nsq/171133512.html?s=sou_sou_soulb&t=0_0&req=49369a213551b0cef0d0d9a925aa953d,,,,,not_sampled
AI文字分镜,南京触手科技,南京·秦淮区,6千-1.1万·13薪,6.0,11.0,8.5,2026-03-19 11:56:01,https://jobs.51job.com/nanjing-qhq/171144489.html?s=sou_sou_soulb&t=0_0&req=49369a213551b0cef0d0d9a925aa953d,,,,,not_sampled
美术标注实习生,成都市众鑫易乐网络科技,成都,120元/天,,,,2026-03-18 16:25:42,https://jobs.51job.com/chengdu/171129229.html?s=sou_sou_soulb&t=0_0&req=49369a213551b0cef0d0d9a925aa953d,,,,,not_sampled
AI测试助理,深圳星途教育科技,贵阳,5.5-8.5千,5.5,8.5,7.0,2026-03-18 16:53:24,https://jobs.51job.com/guiyang/171130366.html?s=sou_sou_soulb&t=0_0&req=49369a213551b0cef0d0d9a925aa953d,,,,,not_sampled
Rhion建模师,郑州灵点一设计,郑州·上街区,4-7千,4.0,7.0,5.5,2026-03-19 08:44:20,https://jobs.51job.com/shangjiequ/164812218.html?s=sou_sou_soulb&t=0_0&req=49369a213551b0cef0d0d9a925aa953d,,,,,not_sampled
AI应用专员,浙江凯迪汽车部件工业,湖州·长兴县,5-7千,5.0,7.0,6.0,2026-03-19 14:09:42,https://jobs.51job.com/huzhou-cxx/171147767.html?s=sou_sou_soulb&t=0_0&req=49369a213551b0cef0d0d9a925aa953d,,,,,not_sampled
AI产品经理,广东省出版集团数字出版,广州·天河区,13-18万/年,10.83,15.0,12.92,2026-03-20 15:33:51,https://jobs.51job.com/guangzhou-thq/171128219.html?s=sou_sou_soulb&t=0_0&req=49369a213551b0cef0d0d9a925aa953d,,,,,not_sampled
AI产品助理（可培养发展）,大未来（南京）文化科技,沈阳,6-8千,6.0,8.0,7.0,2026-03-19 10:15:36,https://jobs.51job.com/shenyang/170583650.html?s=sou_sou_soulb&t=0_0&req=49369a213551b0cef0d0d9a925aa953d,,,,,not_sampled
AI视频制作师,合肥盛源汽车涂装技术服务,芜湖·鸠江区,8千-1.2万,8.0,12.0,10.0,2026-03-19 11:37:47,https://jobs.51job.com/wuhu-jjq/171143720.html?s=sou_sou_soulb&t=0_0&req=49369a213551b0cef0d0d9a925aa953d,,,,,not_sampled
AI动漫制作,广州图峻科技,广州·海珠区,4-6千,4.0,6.0,5.0,2026-03-18 18:00:02,https://jobs.51job.com/guangzhou-hzq/171133046.html?s=sou_sou_soulb&t=0_0&req=49369a213551b0cef0d0d9a925aa953d,,,,,not_sampled
AI视频剪辑,北京光磊映画传媒科技,北京·朝阳区,7千-1.2万,7.0,12.0,9.5,2026-03-18 23:25:25,https://jobs.51job.com/beijing-cyq/171135517.html?s=sou_sou_soulb&t=0_0&req=49369a213551b0cef0d0d9a925aa953d,,,,,not_sampled
AI工程师,利民（番禺南沙）电器发展,广州·南沙区,1-1.2万,10.0,12.0,11.0,2026-03-18 16:52:59,https://jobs.51job.com/guangzhou-nsq/171020403.html?s=sou_sou_soulb&t=0_0&req=49369a213551b0cef0d0d9a925aa953d,,,,,not_sampled
AI训练师,上海久页信息科技,西安,5千-1万,5.0,10.0,7.5,2026-03-19 14:59:40,https://jobs.51job.com/xian/171150067.html?s=sou_sou_soulb&t=0_0&req=49369a213551b0cef0d0d9a925aa953d,,,,,not_sampled
数据标注/AI训练师,上海伍贤信息技术,上海·浦东新区,7-9千,7.0,9.0,8.0,2026-03-19 10:00:09,https://jobs.51job.com/shanghai-pdxq/171138931.html?s=sou_sou_soulb&t=0_0&req=49369a213551b0cef0d0d9a925aa953d,,,,,not_sampled
AIGC管培生,北京光磊映画传媒科技,北京·朝阳区,7千-1.2万,7.0,12.0,9.5,2026-03-18 23:21:12,https://jobs.51job.com/beijing-cyq/171135490.html?s=sou_sou_soulb&t=0_0&req=49369a213551b0cef0d0d9a925aa953d,,,,,not_sampled
ai数据标注实习生,深圳星途教育科技,贵阳,5.5-8.8千,5.5,8.8,7.15,2026-03-18 16:58:14,https://jobs.51job.com/guiyang/171130604.html?s=sou_sou_soulb&t=0_0&req=49369a213551b0cef0d0d9a925aa953d,,,,,not_sampled
AI训练师,上海久页信息科技,上海·杨浦区,7千-1万,7.0,10.0,8.5,2026-03-19 14:58:44,https://jobs.51job.com/shanghai-ypq/171150039.html?s=sou_sou_soulb&t=0_0&req=49369a213551b0cef0d0d9a925aa953d,,,,,not_sampled
数据处理实习生（20-30小时/月）,广州市天河区港澳青年创业服务中心,广州,2-3.5千,2.0,3.5,2.75,2026-03-19 09:41:33,https://jobs.51job.com/guangzhou/171137069.html?s=sou_sou_soulb&t=0_0&req=49369a213551b0cef0d0d9a925aa953d,,,,,not_sampled
AI智能媒体运营助理,北京光磊映画传媒科技,北京·朝阳区,7千-1.2万,7.0,12.0,9.5,2026-03-19 00:00:13,https://jobs.51job.com/beijing-cyq/171135586.html?s=sou_sou_soulb&t=0_0&req=49369a213551b0cef0d0d9a925aa953d,,,,,not_sampled
Ai音乐标注,山西锦源鸿鑫商贸,太原,2-3.5千,2.0,3.5,2.75,2026-03-20 04:12:50,https://jobs.51job.com/taiyuan/171145419.html?s=sou_sou_soulb&t=0_0&req=49369a213551b0cef0d0d9a925aa953d,,,,,not_sampled
AI业务提效工程师（销售赋能方向，双休）,深圳市思力铭科技,深圳·宝安区,1.3-1.8万·13薪,13.0,18.0,15.5,2026-03-19 15:11:26,https://jobs.51job.com/shenzhen-baq/171112839.html?s=sou_sou_soulb&t=0_0&req=49369a213551b0cef0d0d9a925aa953d,,,,,not_sampled
人工智能测试工程师,西安云水时代信息科技,西安,9千-1.2万·13薪,9.0,12.0,10.5,2026-03-17 20:17:43,https://jobs.51job.com/xian/171109392.html?s=sou_sou_soulb&t=0_0&req=49369a213551b0cef0d0d9a925aa953d,,,,,not_sampled
AI产品经理,芯讯通无线科技（上海）,上海·长宁区,1.8-2.8万,18.0,28.0,23.0,2026-03-18 15:03:53,https://jobs.51job.com/shanghai-cnq/171124916.html?s=sou_sou_soulb&t=0_0&req=49369a213551b0cef0d0d9a925aa953d,,,,,not_sampled
人工智能+双休,潍坊市博远人力资源,北京·昌平区,8千-1.2万·13薪,8.0,12.0,10.0,2026-03-19 14:29:45,https://jobs.51job.com/beijing-cpq/171148643.html?s=sou_sou_soulb&t=0_0&req=49369a213551b0cef0d0d9a925aa953d,,,,,not_sampled
AI玩具APP产品经理 （APP方向）,深圳市慧眼视讯电子,深圳·龙岗区,1.5-3万,15.0,30.0,22.5,2026-03-17 17:49:06,https://jobs.51job.com/shenzhen-lgq/171106499.html?s=sou_sou_soulb&t=0_0&req=49369a213551b0cef0d0d9a925aa953d,,,,,not_sampled
定向储备人才,辽宁北科星科技,沈阳·铁西区,2.2-4千,2.2,4.0,3.1,2026-03-17 17:36:04,https://jobs.51job.com/shenyang-txq/157247986.html?s=sou_sou_soulb&t=0_0&req=49369a213551b0cef0d0d9a925aa953d,,,,,not_sampled
技术支持工程师（AI方向）,上海迅时通信设备,上海·徐汇区,5.5-8千,5.5,8.0,6.75,2026-03-18 10:06:03,https://jobs.51job.com/shanghai-xhq/171113570.html?s=sou_sou_soulb&t=0_0&req=49369a213551b0cef0d0d9a925aa953d,,,,,not_sampled
AI产品经理,深圳市必威尔科技,深圳·龙岗区,6千-1.2万,6.0,12.0,9.0,2026-03-18 11:59:08,https://jobs.51job.com/shenzhen-lgq/171118673.html?s=sou_sou_soulb&t=0_0&req=49369a213551b0cef0d0d9a925aa953d,,,,,not_sampled
游戏项目管理,深圳市法本信息技术,深圳·南山区,7千-1万,7.0,10.0,8.5,2026-03-18 11:39:23,https://jobs.51job.com/shenzhen-nsq/171118022.html?s=sou_sou_soulb&t=0_0&req=49369a213551b0cef0d0d9a925aa953d,,,,,not_sampled
AI 高级产品经理,华润五丰（中国）投资,深圳·南山区,2-3万·16薪,20.0,30.0,25.0,2026-03-18 09:04:48,https://jobs.51job.com/shenzhen-nsq/169865273.html?s=sou_sou_soulb&t=0_0&req=49369a213551b0cef0d0d9a925aa953d,,,,,not_sampled
AI训练师,西安云水时代信息科技,西安,8-9千·13薪,8.0,9.0,8.5,2026-03-17 22:25:10,https://jobs.51job.com/xian/171109925.html?s=sou_sou_soulb&t=0_0&req=49369a213551b0cef0d0d9a925aa953d,,,,,not_sampled
AI项目合伙人,泉州驰格信息咨询,泉州,2-4千,2.0,4.0,3.0,2026-03-21 04:03:23,https://jobs.51job.com/quanzhou/171133441.html?s=sou_sou_soulb&t=0_0&req=49369a213551b0cef0d0d9a925aa953d,,,,,not_sampled
数据标注专员（接受实习生),深圳市法本信息技术,南宁,3-5千,3.0,5.0,4.0,2026-03-18 11:40:39,https://jobs.51job.com/nanning/171118058.html?s=sou_sou_soulb&t=0_0&req=49369a213551b0cef0d0d9a925aa953d,,,,,not_sampled
兼/职装饰工程助理安管员160一天,合肥新空装饰装修,合肥,2.5-3.5千,2.5,3.5,3.0,2026-03-20 04:12:54,https://jobs.51job.com/hefei/171123580.html?s=sou_sou_soulb&t=0_0&req=49369a213551b0cef0d0d9a925aa953d,,,,,not_sampled
兼/职项目文员，160元/天日/接,合肥新空项目管理,合肥,3-4.5千,3.0,4.5,3.75,2026-03-22 04:05:46,https://jobs.51job.com/hefei/171121693.html?s=sou_sou_soulb&t=0_0&req=49369a213551b0cef0d0d9a925aa953d,,,,,not_sampled
AI产品经理(J10434),上海泓明供应链,上海·浦东新区,1.5-2.5万,15.0,25.0,20.0,2026-03-18 13:28:28,https://jobs.51job.com/shanghai-pdxq/171120227.html?s=sou_sou_soulb&t=0_0&req=49369a213551b0cef0d0d9a925aa953d,,,,,not_sampled
游戏产品策划,深圳市法本信息技术,深圳·南山区,8千-1万,8.0,10.0,9.0,2026-03-17 19:57:56,https://jobs.51job.com/shenzhen-nsq/171109217.html?s=sou_sou_soulb&t=0_0&req=49369a213551b0cef0d0d9a925aa953d,,,,,not_sampled
AI产品经理 18-30k  15薪,上海艾施派尔生物科技,上海·浦东新区,1.8-3万·15薪,18.0,30.0,24.0,2026-03-20 13:41:10,https://jobs.51job.com/shanghai-pdxq/171107656.html?s=sou_sou_soulb&t=0_0&req=49369a213551b0cef0d0d9a925aa953d,,,,,not_sampled
AI应用开发（双休）,西安融界电子科技,上海·浦东新区,8千-1.5万·13薪,8.0,15.0,11.5,2026-03-17 16:34:43,https://jobs.51job.com/shanghai-pdxq/171102473.html?s=sou_sou_soulb&t=0_0&req=49369a213551b0cef0d0d9a925aa953d,,,,,not_sampled
VR/AI产品渠道专员,上海市嘉定区总工会,上海,6千-1.2万,6.0,12.0,9.0,2026-03-17 17:22:00,https://jobs.51job.com/shanghai/171104564.html?s=sou_sou_soulb&t=0_0&req=49369a213551b0cef0d0d9a925aa953d,,,,,not_sampled
AI产品实习生-豆包爱学,字节跳动,北京,9千-1万,9.0,10.0,9.5,2026-03-22 02:07:11,https://jobs.51job.com/beijing/171105735.html?s=sou_sou_soulb&t=0_0&req=49369a213551b0cef0d0d9a925aa953d,,,,,not_sampled
剪辑实习生,上海帕鲁科技,上海,3.5-4.5千,3.5,4.5,4.0,2026-03-21 04:12:06,https://jobs.51job.com/shanghai/171105870.html?s=sou_sou_soulb&t=0_0&req=ac8b2784a5ac72c9b861273f5bf124a3,,,,,not_sampled
电子元器件销售工程师,深圳市长天元器件,广州·番禺区,1-1.5万,10.0,15.0,12.5,2026-03-11 16:48:33,https://jobs.51job.com/guangzhou-pyq/167264459.html?s=sou_sou_soulb&t=0_0&req=ac8b2784a5ac72c9b861273f5bf124a3,,,,,not_sampled
AI运营专员,上海市嘉定区总工会,上海,7-9千,7.0,9.0,8.0,2026-03-17 17:03:09,https://jobs.51job.com/shanghai/171104629.html?s=sou_sou_soulb&t=0_0&req=ac8b2784a5ac72c9b861273f5bf124a3,,,,,not_sampled
AI留学智能平台 - 产品经理,上海华宸鑫通教育科技,上海·虹口区,1.5-2万·13薪,15.0,20.0,17.5,2026-03-16 16:32:56,https://jobs.51job.com/shanghai-hkq/171075203.html?s=sou_sou_soulb&t=0_0&req=ac8b2784a5ac72c9b861273f5bf124a3,,,,,not_sampled
AI管理,上海哈塔柴油机,上海·松江区,8千-1.2万,8.0,12.0,10.0,2026-03-17 08:55:57,https://jobs.51job.com/shanghai-sjq/171077394.html?s=sou_sou_soulb&t=0_0&req=ac8b2784a5ac72c9b861273f5bf124a3,,,,,not_sampled
ai工程师,广州杜若方洲电子商务,广州·白云区,8千-1.2万·13薪,8.0,12.0,10.0,2026-03-16 16:56:19,https://jobs.51job.com/guangzhou-byq/167310049.html?s=sou_sou_soulb&t=0_0&req=ac8b2784a5ac72c9b861273f5bf124a3,,,,,not_sampled
AI项目经理,厦门好给力网络,厦门·同安区,5千-1万,5.0,10.0,7.5,2026-03-17 14:09:15,https://jobs.51job.com/xiamen-taq/169753750.html?s=sou_sou_soulb&t=0_0&req=ac8b2784a5ac72c9b861273f5bf124a3,,,,,not_sampled
AI 应届生(A246159),丽珠医药集团,深圳·南山区,1-1.6万,10.0,16.0,13.0,2026-03-17 15:03:15,https://jobs.51job.com/shenzhen-nsq/171095309.html?s=sou_sou_soulb&t=0_0&req=ac8b2784a5ac72c9b861273f5bf124a3,,,,,not_sampled
AI产品销售,湖北万江环保集团,武汉·武昌区,7千-1.4万·13薪,7.0,14.0,10.5,2026-03-16 17:40:07,https://jobs.51job.com/wuhan-wcq/171077973.html?s=sou_sou_soulb&t=0_0&req=ac8b2784a5ac72c9b861273f5bf124a3,,,,,not_sampled
ai大模型数据标注项目助理,武汉热热数据科技,武汉·东湖新技术产业开发区,3.5-7千,3.5,7.0,5.25,2026-03-17 11:18:31,https://jobs.51job.com/wuhan-dhxjs/171089444.html?s=sou_sou_soulb&t=0_0&req=ac8b2784a5ac72c9b861273f5bf124a3,,,,,not_sampled
AI美术兼职,上海泽尚网络科技,上海·静安区,2-3.5千,2.0,3.5,2.75,2026-03-16 16:16:20,https://jobs.51job.com/shanghai-jaq/171071551.html?s=sou_sou_soulb&t=0_0&req=ac8b2784a5ac72c9b861273f5bf124a3,,,,,not_sampled
游戏美术3D实训生,上海乐奇果堂网络科技,上海·青浦区,3-4千,3.0,4.0,3.5,2026-03-17 11:59:10,https://jobs.51job.com/shanghai-qpq/166996746.html?s=sou_sou_soulb&t=0_0&req=ac8b2784a5ac72c9b861273f5bf124a3,,,,,not_sampled
日结/文员/学习及整理资料,安徽新空商务集团,合肥·蜀山区,3-4千,3.0,4.0,3.5,2026-03-16 20:36:01,https://jobs.51job.com/hefei-ssq/171080947.html?s=sou_sou_soulb&t=0_0&req=ac8b2784a5ac72c9b861273f5bf124a3,,,,,not_sampled
AI 赋能经理,上海净安化工科技,上海·徐汇区,1.2-1.8万,12.0,18.0,15.0,2026-03-16 16:16:42,https://jobs.51job.com/shanghai-xhq/171074489.html?s=sou_sou_soulb&t=0_0&req=ac8b2784a5ac72c9b861273f5bf124a3,,,,,not_sampled
AI研发与运营工程师,上海瑞马文化传播,上海·静安区,8千-1.5万,8.0,15.0,11.5,2026-03-16 12:00:44,https://jobs.51job.com/shanghai-jaq/171066063.html?s=sou_sou_soulb&t=0_0&req=ac8b2784a5ac72c9b861273f5bf124a3,,,,,not_sampled
人工智能工程师（985院校）,立信染整机械（广东）,中山,1.3-2.5万,13.0,25.0,19.0,2026-03-16 07:49:39,https://jobs.51job.com/zhongshan/169152779.html?s=sou_sou_soulb&t=0_0&req=ac8b2784a5ac72c9b861273f5bf124a3,,,,,not_sampled
AI工程师,苏州驰星教育科技,苏州·虎丘区,6-8千,6.0,8.0,7.0,2026-03-16 11:09:33,https://jobs.51job.com/suzhou-hq/170341281.html?s=sou_sou_soulb&t=0_0&req=ac8b2784a5ac72c9b861273f5bf124a3,,,,,not_sampled
人工智能岗,爱建证券,上海·浦东新区,1.5-3万,15.0,30.0,22.5,2026-03-17 10:29:21,https://jobs.51job.com/shanghai-pdxq/171086932.html?s=sou_sou_soulb&t=0_0&req=ac8b2784a5ac72c9b861273f5bf124a3,,,,,not_sampled
项目助理（深圳）(009834),广州南天电脑系统,深圳·龙岗区,8千-1.2万,8.0,12.0,10.0,2026-03-19 15:36:44,https://jobs.51job.com/shenzhen-lgq/171091969.html?s=sou_sou_soulb&t=0_0&req=ac8b2784a5ac72c9b861273f5bf124a3,,,,,not_sampled
AI智能体项目落地专员,上海菱感企业发展（集团）,上海·长宁区,1-1.5万,10.0,15.0,12.5,2026-03-19 09:38:58,https://jobs.51job.com/shanghai-cnq/171066748.html?s=sou_sou_soulb&t=0_0&req=ac8b2784a5ac72c9b861273f5bf124a3,,,,,not_sampled
人工智能测试工程师,西安云水时代信息科技,西安,9千-1.2万·13薪,9.0,12.0,10.5,2026-03-18 04:03:45,https://jobs.51job.com/xian/171098281.html?s=sou_sou_soulb&t=0_0&req=ac8b2784a5ac72c9b861273f5bf124a3,,,,,not_sampled
AI自动化+市场营销专员,深圳市达沃电子,深圳·宝安区,1.3-1.8万,13.0,18.0,15.5,2026-03-16 14:43:56,https://jobs.51job.com/shenzhen-baq/171070177.html?s=sou_sou_soulb&t=0_0&req=ac8b2784a5ac72c9b861273f5bf124a3,,,,,not_sampled
AI训练师,东莞市榴芒一刻食品,东莞·寮步镇,8千-1.2万,8.0,12.0,10.0,2026-03-16 15:30:32,https://jobs.51job.com/dongguan-lbz/171072197.html?s=sou_sou_soulb&t=0_0&req=ac8b2784a5ac72c9b861273f5bf124a3,,,,,not_sampled
副总经理,广东玖瑞电子材料制造,东莞·洪梅镇,2.5-3.5万,25.0,35.0,30.0,2026-03-21 11:55:07,https://jobs.51job.com/dongguan-hmz/171058885.html?s=sou_sou_soulb&t=0_0&req=ac8b2784a5ac72c9b861273f5bf124a3,,,,,not_sampled
运营实习生（包住）,南京市锐得信息技术,南京·江宁区,6-8千,6.0,8.0,7.0,2026-03-16 14:40:08,https://jobs.51job.com/nanjing-jnq/171068917.html?s=sou_sou_soulb&t=0_0&req=ac8b2784a5ac72c9b861273f5bf124a3,,,,,not_sampled
AI应用赋能官,常熟烁范智能装备制造,常熟,7千-1.2万,7.0,12.0,9.5,2026-03-16 14:19:08,https://jobs.51job.com/changshu/171069109.html?s=sou_sou_soulb&t=0_0&req=ac8b2784a5ac72c9b861273f5bf124a3,,,,,not_sampled
IP授权商务经理（机器人产品线）,深圳市天博智科技,深圳·南山区,1.5-3万·15薪,15.0,30.0,22.5,2026-03-21 12:49:33,https://jobs.51job.com/shenzhen-nsq/171068721.html?s=sou_sou_soulb&t=0_0&req=ac8b2784a5ac72c9b861273f5bf124a3,,,,,not_sampled
AI数据分析,上海晟科信科技,武汉,8千-1.3万,8.0,13.0,10.5,2026-03-16 09:24:37,https://jobs.51job.com/wuhan/170901845.html?s=sou_sou_soulb&t=0_0&req=ac8b2784a5ac72c9b861273f5bf124a3,,,,,not_sampled
AI算力项目经理,上海万腾鼎信信息科技咨询,上海,1.5-3万,15.0,30.0,22.5,2026-03-15 13:22:38,https://jobs.51job.com/shanghai/167485746.html?s=sou_sou_soulb&t=0_0&req=ac8b2784a5ac72c9b861273f5bf124a3,,,,,not_sampled
AI项目经理,湖北中软智能科技集团,汉中·汉台区,5-6千,5.0,6.0,5.5,2026-03-14 15:54:38,https://jobs.51job.com/hanzhong-htq/171054349.html?s=sou_sou_soulb&t=0_0&req=ac8b2784a5ac72c9b861273f5bf124a3,,,,,not_sampled
AIGC,上海慧康信息技术,上海·徐汇区,1-2万,10.0,20.0,15.0,2026-03-13 16:40:51,https://jobs.51job.com/shanghai-xhq/171040004.html?s=sou_sou_soulb&t=0_0&req=ac8b2784a5ac72c9b861273f5bf124a3,,,,,not_sampled
AI导师,东莞市瑞勤电子,东莞·寮步镇,2-4万,20.0,40.0,30.0,2026-03-13 17:30:01,https://jobs.51job.com/dongguan-lbz/171047130.html?s=sou_sou_soulb&t=0_0&req=ac8b2784a5ac72c9b861273f5bf124a3,,,,,not_sampled
AI产品经理(J10044),东莞立讯技术,东莞·清溪镇,1.4-2.2万,14.0,22.0,18.0,2026-03-14 10:51:56,https://jobs.51job.com/dongguan-qxz/171051855.html?s=sou_sou_soulb&t=0_0&req=ac8b2784a5ac72c9b861273f5bf124a3,,,,,not_sampled
计算机科学与技术编辑,广州新启点智慧科技,广州·番禺区,150元/天,,,,2026-03-14 09:53:27,https://jobs.51job.com/guangzhou-pyq/171049654.html?s=sou_sou_soulb&t=0_0&req=ac8b2784a5ac72c9b861273f5bf124a3,,,,,not_sampled
AI训练师（跨境电商）,汕头市迪华贸易,深圳·龙华区,1-1.5万·13薪,10.0,15.0,12.5,2026-03-13 17:47:43,https://jobs.51job.com/shenzhen-lhq/171047596.html?s=sou_sou_soulb&t=0_0&req=ac8b2784a5ac72c9b861273f5bf124a3,,,,,not_sampled
AI学习规划师,上海近屿智能科技,上海·徐汇区,1-1.5万,10.0,15.0,12.5,2026-03-13 17:21:49,https://jobs.51job.com/shanghai-xhq/168026118.html?s=sou_sou_soulb&t=0_0&req=ac8b2784a5ac72c9b861273f5bf124a3,,,,,not_sampled
AI产品销售经理,深圳市鸿普森科技,深圳·龙华区,1-1.5万,10.0,15.0,12.5,2026-03-13 16:53:38,https://jobs.51job.com/shenzhen-lhq/171045601.html?s=sou_sou_soulb&t=0_0&req=ac8b2784a5ac72c9b861273f5bf124a3,,,,,not_sampled
课件视频剪辑,广州新启点智慧科技,广州·番禺区,150元/天,,,,2026-03-13 21:27:32,https://jobs.51job.com/guangzhou-pyq/171049641.html?s=sou_sou_soulb&t=0_0&req=ac8b2784a5ac72c9b861273f5bf124a3,,,,,not_sampled
技术管培生（可实习）,捷讯航科技（吉林）,长春·南关区,4-7千,4.0,7.0,5.5,2026-03-14 13:06:46,https://jobs.51job.com/changchun-ngq/171052956.html?s=sou_sou_soulb&t=0_0&req=ac8b2784a5ac72c9b861273f5bf124a3,,,,,not_sampled
互联网产品经理（校招）,杭州魔角兽科技,杭州,1.4-1.8万·14薪,14.0,18.0,16.0,2026-03-21 04:06:25,https://jobs.51job.com/hangzhou/171047518.html?s=sou_sou_soulb&t=0_0&req=ac8b2784a5ac72c9b861273f5bf124a3,,,,,not_sampled
ai产品经理,爱安特（常州）精密机械,常州·武进区,1-2万,10.0,20.0,15.0,2026-03-13 18:59:23,https://jobs.51job.com/changzhou-wjq/169548634.html?s=sou_sou_soulb&t=0_0&req=ac8b2784a5ac72c9b861273f5bf124a3,,,,,not_sampled
AI训练师/AI项目经理（双休）,武汉福游网络科技,武汉·东湖新技术产业开发区,1.5-3万·13薪,15.0,30.0,22.5,2026-03-12 17:41:19,https://jobs.51job.com/wuhan-dhxjs/171023836.html?s=sou_sou_soulb&t=0_0&req=ac8b2784a5ac72c9b861273f5bf124a3,,,,,not_sampled
AI 智能体运营专员,保通港隽富经纪（深圳）,深圳,8千-1.6万·13薪,8.0,16.0,12.0,2026-03-16 04:08:24,https://jobs.51job.com/shenzhen/171048873.html?s=sou_sou_soulb&t=0_0&req=ac8b2784a5ac72c9b861273f5bf124a3,,,,,not_sampled
车载人工智能,上海精岳铉电子科技,上海,1.4-2万,14.0,20.0,17.0,2026-03-13 17:44:47,https://jobs.51job.com/shanghai/171047532.html?s=sou_sou_soulb&t=0_0&req=ac8b2784a5ac72c9b861273f5bf124a3,,,,,not_sampled
IT项目助理工程师,东莞高伟光学电子,东莞,6千-1.2万,6.0,12.0,9.0,2026-03-13 14:18:42,https://jobs.51job.com/dongguan/171038599.html?s=sou_sou_soulb&t=0_0&req=ac8b2784a5ac72c9b861273f5bf124a3,,,,,not_sampled
AI产品经理,深圳天珑无线科技,南京·雨花台区,1.2-2万·14薪,12.0,20.0,16.0,2026-03-12 16:31:21,https://jobs.51job.com/nanjing-yhtq/171020600.html?s=sou_sou_soulb&t=0_0&req=ac8b2784a5ac72c9b861273f5bf124a3,,,,,not_sampled
初级产品经理-AI 教育工具,上海六坊信息科技,上海·徐汇区,1-1.5万,10.0,15.0,12.5,2026-03-13 15:50:15,https://jobs.51job.com/shanghai-xhq/171042687.html?s=sou_sou_soulb&t=0_0&req=ac8b2784a5ac72c9b861273f5bf124a3,,,,,not_sampled
ai助理工程师（接受25/26届）,广州优卡普科技,广州·海珠区,5-6千,5.0,6.0,5.5,2026-03-13 09:56:39,https://jobs.51job.com/guangzhou-hzq/171029659.html?s=sou_sou_soulb&t=0_0&req=ac8b2784a5ac72c9b861273f5bf124a3,,,,,not_sampled
RPA和AI智能体应用工程师,广州温雅日用化妆品,广州·黄埔区,7千-1.2万,7.0,12.0,9.5,2026-03-12 16:07:09,https://jobs.51job.com/guangzhou-hpq/171010471.html?s=sou_sou_soulb&t=0_0&req=ac8b2784a5ac72c9b861273f5bf124a3,,,,,not_sampled
AI大模型开发,四川饿破商贸,成都,7千-1.3万·13薪,7.0,13.0,10.0,2026-03-12 16:17:32,https://jobs.51job.com/chengdu/171019977.html?s=sou_sou_soulb&t=0_0&req=ac8b2784a5ac72c9b861273f5bf124a3,,,,,not_sampled
AI运营经理,郑州巨鲨网络科技,上海·浦东新区,2-3万,20.0,30.0,25.0,2026-03-13 10:26:34,https://jobs.51job.com/shanghai-pdxq/171030405.html?s=sou_sou_soulb&t=0_0&req=683bf101d950fe0865a8d7e016073d70,,,,,not_sampled
ai编程,上海休元电力设备安装,上海·松江区,200元/天,,,,2026-03-13 08:49:39,https://jobs.51job.com/shanghai-sjq/171027471.html?s=sou_sou_soulb&t=0_0&req=683bf101d950fe0865a8d7e016073d70,,,,,not_sampled
AI导师,东莞市瑞勤电子,东莞·寮步镇,2-4万,20.0,40.0,30.0,2026-03-13 14:06:05,https://jobs.51job.com/dongguan-lbz/171024921.html?s=sou_sou_soulb&t=0_0&req=683bf101d950fe0865a8d7e016073d70,,,,,not_sampled
实习生,世纪恒通科技,贵阳,3.5-7千,3.5,7.0,5.25,2026-03-12 16:54:05,https://jobs.51job.com/guiyang/162154261.html?s=sou_sou_soulb&t=0_0&req=683bf101d950fe0865a8d7e016073d70,,,,,not_sampled
AI人工智能训练师（数据标注员）,淮南市智信达科技,,200元/天,,,,2026-03-18 14:19:24,https://jobs.51job.com/all/171026314.html?s=sou_sou_soulb&t=0_0&req=683bf101d950fe0865a8d7e016073d70,,,,,not_sampled
高级实施顾问（工业AI方向）,艾普工华科技（武汉）,武汉,1-2万,10.0,20.0,15.0,2026-03-13 15:29:14,https://jobs.51job.com/wuhan/171041692.html?s=sou_sou_soulb&t=0_0&req=683bf101d950fe0865a8d7e016073d70,,,,,not_sampled
遥感项目助理（遥感影像解译）,浙江时空智子大数据,南宁,3.5-7千,3.5,7.0,5.25,2026-03-13 15:00:44,https://jobs.51job.com/nanning/171040696.html?s=sou_sou_soulb&t=0_0&req=683bf101d950fe0865a8d7e016073d70,,,,,not_sampled
AI产品销售顾问,深圳企域数字科技,郑州,8千-1.5万,8.0,15.0,11.5,2026-03-12 16:57:17,https://jobs.51job.com/zhengzhou/171021953.html?s=sou_sou_soulb&t=0_0&req=683bf101d950fe0865a8d7e016073d70,,,,,not_sampled
AI大模型助理,上海慧铂信息技术,上海·宝山区,8千-1万,8.0,10.0,9.0,2026-03-13 12:35:07,https://jobs.51job.com/shanghai-bsq/156929376.html?s=sou_sou_soulb&t=0_0&req=683bf101d950fe0865a8d7e016073d70,,,,,not_sampled
飞书AI产品经理,东风汽车集团,武汉·武汉经济开发区,1.5-2.5万,15.0,25.0,20.0,2026-03-12 17:17:21,https://jobs.51job.com/wuhan-whjj/171023087.html?s=sou_sou_soulb&t=0_0&req=683bf101d950fe0865a8d7e016073d70,,,,,not_sampled
AI技术员,广东科士达工业科技,惠州,8-9千,8.0,9.0,8.5,2026-03-18 08:14:19,https://jobs.51job.com/huizhou/127201461.html?s=sou_sou_soulb&t=0_0&req=683bf101d950fe0865a8d7e016073d70,,,,,not_sampled
矿山智能AI机器人钻机学徒,江门市阳泰环境工程,江门,4.5-6.8千,4.5,6.8,5.65,2026-03-16 04:11:23,https://jobs.51job.com/jiangmen/171037471.html?s=sou_sou_soulb&t=0_0&req=683bf101d950fe0865a8d7e016073d70,,,,,not_sampled
AI项目经理,苏州彤帆智能科技,苏州·吴江区,1-1.5万·13薪,10.0,15.0,12.5,2026-03-17 08:31:56,https://jobs.51job.com/suzhou-wjq/170996942.html?s=sou_sou_soulb&t=0_0&req=683bf101d950fe0865a8d7e016073d70,,,,,not_sampled
产品策划(AI方向),小刀新能源科技,上海,2-2.5万,20.0,25.0,22.5,2026-03-11 16:50:53,https://jobs.51job.com/shanghai/170995868.html?s=sou_sou_soulb&t=0_0&req=683bf101d950fe0865a8d7e016073d70,,,,,not_sampled
AI机器人运营主管,江苏鱼跃医疗设备,南京·玄武区,9千-1.3万·14薪,9.0,13.0,11.0,2026-03-11 17:25:58,https://jobs.51job.com/nanjing-xwq/170997665.html?s=sou_sou_soulb&t=0_0&req=683bf101d950fe0865a8d7e016073d70,,,,,not_sampled
AI智能体应用专员,上海中易心理与感知科学研究院,上海·杨浦区,8千-1万,8.0,10.0,9.0,2026-03-12 11:19:24,https://jobs.51job.com/shanghai-ypq/171009257.html?s=sou_sou_soulb&t=0_0&req=683bf101d950fe0865a8d7e016073d70,,,,,not_sampled
IT实习生,阿科玛（中国）投资有限公司常熟,常熟,3.5-4千,3.5,4.0,3.75,2026-03-12 14:26:14,https://jobs.51job.com/changshu/150078978.html?s=sou_sou_soulb&t=0_0&req=683bf101d950fe0865a8d7e016073d70,,,,,not_sampled
AI视频制作,武汉虎山行传媒科技,上海·静安区,5千-1万,5.0,10.0,7.5,2026-03-11 20:16:51,https://jobs.51job.com/shanghai-jaq/171001012.html?s=sou_sou_soulb&t=0_0&req=683bf101d950fe0865a8d7e016073d70,,,,,not_sampled
AI工程师,安徽省人力资源,合肥·蜀山区,,,,,2026-03-12 13:30:24,https://jobs.51job.com/hefei-ssq/171012259.html?s=sou_sou_soulb&t=0_0&req=683bf101d950fe0865a8d7e016073d70,,,,,not_sampled
AI渠道优化运营岗(J10745),植恩生物技术,重庆·九龙坡区,1-2万,10.0,20.0,15.0,2026-03-12 13:46:08,https://jobs.51job.com/chongqing-jlpq/171005129.html?s=sou_sou_soulb&t=0_0&req=683bf101d950fe0865a8d7e016073d70,,,,,not_sampled
数据采集,贵州壹集科技,贵阳,3-4千,3.0,4.0,3.5,2026-03-22 04:08:14,https://jobs.51job.com/guiyang/170995555.html?s=sou_sou_soulb&t=0_0&req=683bf101d950fe0865a8d7e016073d70,,Low,Platform,,http_stub
AI专员,上海安宸信息科技,上海·金山区,6千-1万,6.0,10.0,8.0,2026-03-12 10:42:08,https://jobs.51job.com/shanghai-jsq/162475407.html?s=sou_sou_soulb&t=0_0&req=683bf101d950fe0865a8d7e016073d70,,,,,not_sampled
AI产品认证工程师,浙江天祥质量技术服务有限公司杭州,杭州·钱塘区,1-1.5万·14薪,10.0,15.0,12.5,2026-03-12 14:49:39,https://jobs.51job.com/hangzhou-qtq/171015482.html?s=sou_sou_soulb&t=0_0&req=683bf101d950fe0865a8d7e016073d70,,,,,not_sampled
AI大模型产品经理,上海新炬网络信息技术,上海·浦东新区,1.4-1.8万,14.0,18.0,16.0,2026-03-20 11:36:17,https://jobs.51job.com/shanghai-pdxq/171012973.html?s=sou_sou_soulb&t=0_0&req=683bf101d950fe0865a8d7e016073d70,,,,,not_sampled
AI数据产品经理,美团,北京,3-4万,30.0,40.0,35.0,2026-03-12 09:22:43,https://jobs.51job.com/beijing/170710513.html?s=sou_sou_soulb&t=0_0&req=683bf101d950fe0865a8d7e016073d70,,,,,not_sampled
技术产品实习生（算法协作方向）-中国交易与广告,字节跳动,上海,6千-1万,6.0,10.0,8.0,2026-03-22 02:06:52,https://jobs.51job.com/shanghai/171014696.html?s=sou_sou_soulb&t=0_0&req=683bf101d950fe0865a8d7e016073d70,,,,,not_sampled
AI项目经理,中财招商投资集团,杭州·钱塘区,1.8-2.5万,18.0,25.0,21.5,2026-03-11 08:37:09,https://jobs.51job.com/hangzhou-qtq/170975118.html?s=sou_sou_soulb&t=0_0&req=683bf101d950fe0865a8d7e016073d70,,,,,not_sampled
高级AI工程师 双休,武汉自然萃食品科技,武汉·武昌区,1.5-2.5万,15.0,25.0,20.0,2026-03-11 11:08:39,https://jobs.51job.com/wuhan-wcq/170981918.html?s=sou_sou_soulb&t=0_0&req=683bf101d950fe0865a8d7e016073d70,,,,,not_sampled
ai产品经理,云舟智维（武汉）科技,武汉·东湖新技术产业开发区,1.2-1.8万,12.0,18.0,15.0,2026-03-11 11:38:51,https://jobs.51job.com/wuhan-dhxjs/170983414.html?s=sou_sou_soulb&t=0_0&req=683bf101d950fe0865a8d7e016073d70,,,,,not_sampled
AI产品经理,广东通宇通讯,中山·火炬开发区,3-3.5万·13薪,30.0,35.0,32.5,2026-03-10 17:21:42,https://jobs.51job.com/zhongshan-hj/170970220.html?s=sou_sou_soulb&t=0_0&req=683bf101d950fe0865a8d7e016073d70,,,,,not_sampled
ai产品经理,深圳市紫川软件,深圳·福田区,1.4-1.8万,14.0,18.0,16.0,2026-03-10 16:24:09,https://jobs.51job.com/shenzhen-ftq/170967123.html?s=sou_sou_soulb&t=0_0&req=683bf101d950fe0865a8d7e016073d70,,,,,not_sampled
RPA和AI智能体应用工程师,广州温雅日用化妆品,广州·黄埔区,7千-1.2万,7.0,12.0,9.5,2026-03-11 15:32:04,https://jobs.51job.com/guangzhou-hpq/170986293.html?s=sou_sou_soulb&t=0_0&req=683bf101d950fe0865a8d7e016073d70,,,,,not_sampled
AI数据标注工程师（S）,武汉中元华电科技,武汉,8千-1.2万,8.0,12.0,10.0,2026-03-11 08:38:41,https://jobs.51job.com/wuhan/170975138.html?s=sou_sou_soulb&t=0_0&req=683bf101d950fe0865a8d7e016073d70,,,,,not_sampled
提示词工程师,广东超腾信息科技,广州·天河区,7千-1.3万,7.0,13.0,10.0,2026-03-10 18:07:21,https://jobs.51job.com/guangzhou-thq/170972107.html?s=sou_sou_soulb&t=0_0&req=683bf101d950fe0865a8d7e016073d70,,,,,not_sampled
ai数据标注,焱阳新能源（苏州）,苏州·相城区,4-6千,4.0,6.0,5.0,2026-03-11 08:49:22,https://jobs.51job.com/suzhou-xcq/170975333.html?s=sou_sou_soulb&t=0_0&req=683bf101d950fe0865a8d7e016073d70,,,,,not_sampled
AI动态漫助理,长沙诺君科技,长沙·芙蓉区,6-8千,6.0,8.0,7.0,2026-03-22 00:38:17,https://jobs.51job.com/changsha-frq/170969822.html?s=sou_sou_soulb&t=0_0&req=683bf101d950fe0865a8d7e016073d70,,,,,not_sampled
运营专员（AI研究方向）,恒德能源集团,成都·成华区,6千-1万,6.0,10.0,8.0,2026-03-10 17:09:18,https://jobs.51job.com/chengdu-chq/170969672.html?s=sou_sou_soulb&t=0_0&req=683bf101d950fe0865a8d7e016073d70,,,,,not_sampled
视觉标图（实习生）,上海欧普泰科技创业,常熟,3-4千,3.0,4.0,3.5,2026-03-11 15:39:45,https://jobs.51job.com/changshu/169675235.html?s=sou_sou_soulb&t=0_0&req=683bf101d950fe0865a8d7e016073d70,,,,,not_sampled
AI产品经理,京北方信息技术,北京·海淀区,2-3.5万,20.0,35.0,27.5,2026-03-10 16:38:22,https://jobs.51job.com/beijing-hdq/170967712.html?s=sou_sou_soulb&t=0_0&req=683bf101d950fe0865a8d7e016073d70,,,,,not_sampled
AI工程师（接受应届生）,昆山西交创新中心管理,昆山,6-8千,6.0,8.0,7.0,2026-03-20 09:24:28,https://jobs.51job.com/kunshan/170977981.html?s=sou_sou_soulb&t=0_0&req=683bf101d950fe0865a8d7e016073d70,,,,,not_sampled
视屏剪辑,云南启势健康科技发展,昆明·盘龙区,2.5-5千,2.5,5.0,3.75,2026-03-11 09:33:42,https://jobs.51job.com/kunming-plq/170594685.html?s=sou_sou_soulb&t=0_0&req=683bf101d950fe0865a8d7e016073d70,,,,,not_sampled
智能体开发工程师/AI工程师,双环传动（嘉兴）精密制造,嘉兴·桐乡市,1.5-2.5万·13薪,15.0,25.0,20.0,2026-03-09 16:12:25,https://jobs.51job.com/jiaxing-txs/170938641.html?s=sou_sou_soulb&t=0_0&req=683bf101d950fe0865a8d7e016073d70,,,,,not_sampled
AI应用负责人,东莞市启泰智能科技,东莞·横沥镇,2.5-3.5万,25.0,35.0,30.0,2026-03-09 16:27:13,https://jobs.51job.com/dongguan-hlz/170939319.html?s=sou_sou_soulb&t=0_0&req=683bf101d950fe0865a8d7e016073d70,,,,,not_sampled
AI产品经理,瑞声声学科技（深圳）,常州·武进区,1.5-3万,15.0,30.0,22.5,2026-03-11 10:21:46,https://jobs.51job.com/changzhou-wjq/170979293.html?s=sou_sou_soulb&t=0_0&req=683bf101d950fe0865a8d7e016073d70,,,,,not_sampled
AI产品经理,深圳嘉立创科技集团,深圳·福田区,2-4万,20.0,40.0,30.0,2026-03-11 11:13:28,https://jobs.51job.com/shenzhen-ftq/170982201.html?s=sou_sou_soulb&t=0_0&req=683bf101d950fe0865a8d7e016073d70,,,,,not_sampled
AI搭建师,上海研摹科技,上海·杨浦区,8千-1.5万,8.0,15.0,11.5,2026-03-10 15:23:33,https://jobs.51job.com/shanghai-ypq/170963928.html?s=sou_sou_soulb&t=0_0&req=683bf101d950fe0865a8d7e016073d70,,,,,not_sampled
AI应用专员,上海易行时代新能源科技,上海·闵行区,1-2万,10.0,20.0,15.0,2026-03-10 15:48:32,https://jobs.51job.com/shanghai-mhq/170965004.html?s=sou_sou_soulb&t=0_0&req=683bf101d950fe0865a8d7e016073d70,,,,,not_sampled
AI产品经理,瑞声声学科技（深圳）,上海·长宁区,1.5-3万,15.0,30.0,22.5,2026-03-11 10:22:33,https://jobs.51job.com/shanghai-cnq/170979327.html?s=sou_sou_soulb&t=0_0&req=683bf101d950fe0865a8d7e016073d70,,,,,not_sampled
芯片销售工程师（AI/机器人）,深圳亿思腾达集成,深圳·龙华区,1.3-1.8万,13.0,18.0,15.5,2026-03-10 13:16:36,https://jobs.51job.com/shenzhen-lhq/170958224.html?s=sou_sou_soulb&t=0_0&req=683bf101d950fe0865a8d7e016073d70,,,,,not_sampled
ai工程师,广东英为拓科技,珠海·珠海高新区,6千-1万,6.0,10.0,8.0,2026-03-10 12:06:35,https://jobs.51job.com/zhuhai-zhgx/170957434.html?s=sou_sou_soulb&t=0_0&req=683bf101d950fe0865a8d7e016073d70,,,,,not_sampled
